{
  "predicted_critical_point": {
    "max": 23.36364141702652,
    "mean": 18.008102622180935,
    "median": 23.01964076089859,
    "min": 10.463641417026519,
    "std": 6.279524594503565
  }
}