{
  "base_index": 79,
  "base_latent_value": -1.1945019960403442,
  "base_param_value": 35.0,
  "found_only_predicted_critical_latent": {
    "max": 1.7198768186569215,
    "mean": -0.6844607648806816,
    "median": -1.0213777589797977,
    "min": -1.1938530397415161,
    "std": 0.7805263971119458
  },
  "found_only_predicted_critical_point": {
    "max": 34.489931746809724,
    "mean": 31.433483367750462,
    "median": 33.45504798761654,
    "min": 17.00701074029957,
    "std": 4.6833035344274245
  },
  "latent_scan_direction": 1.0,
  "mapping_used": {
    "coef": -6.000185966491699,
    "intercept": 27.32659149169922,
    "r2": 0.9937222599983215,
    "source": "run_fitted"
  },
  "miss_rate": 0.553,
  "num_found": 447,
  "num_miss": 553,
  "num_realizations": 1000,
  "status_counts": {
    "found": 447,
    "no_transition_found": 143,
    "unhealthy_at_base": 410
  },
  "target_physical_direction": "decrease"
}