{
  "active_latent_channel_ids": [
    1,
    3
  ],
  "linear_mapping_coefficients": {
    "coef": [
      [
        -123.70690155029297,
        -122.70085144042969
      ],
      [
        4.610117435455322,
        -2.2060129642486572
      ]
    ],
    "intercept": [
      19.075336456298828,
      1.4174141883850098
    ],
    "r2": 0.5629041790962219
  },
  "mean_sigma2": [
    0.8565980195999146,
    0.8714178204536438,
    0.9157978296279907,
    0.9151460528373718,
    0.8878361582756042
  ],
  "var_mu": [
    8.467267616651952e-05,
    0.00020031255553476512,
    8.091929339570925e-05,
    0.0001902261283248663,
    0.00015906784392427653
  ]
}