{
  "active_channel": 3,
  "active_latent_channel_ids": [
    3
  ],
  "linear_mapping_coefficients": {
    "coef": [
      -3.4524877071380615
    ],
    "intercept": 29.794992446899414,
    "r2": 0.9962230920791626
  },
  "mean_sigma2": [
    0.8236980438232422,
    0.8266655802726746,
    0.8245741724967957,
    0.10746704041957855,
    0.8193671107292175
  ],
  "physical_from_latent": {
    "active_channel": 3,
    "coef": -3.4524877071380615,
    "intercept": 29.794992446899414,
    "r2": 0.9962230920791626
  },
  "var_mu": [
    6.666054832749069e-05,
    0.0002479717368260026,
    5.265276558930054e-05,
    0.6972846388816833,
    0.00015785678988322616
  ]
}