{
  "base_index": 47,
  "base_latent_value": -0.6300437450408936,
  "base_param_strategy": "target_value",
  "base_param_value": 30.94936752319336,
  "found_only_predicted_critical_latent": {
    "max": 2.2945364856719976,
    "mean": 1.0440030229544337,
    "median": 1.0194344043731691,
    "min": -0.6200127696990967,
    "std": 0.3514570199764296
  },
  "found_only_predicted_critical_point": {
    "max": 31.04678341149339,
    "mean": 21.062379204393114,
    "median": 21.209795484820503,
    "min": 13.558945870766916,
    "std": 2.1088074790875657
  },
  "latent_scan_direction": 1.0,
  "mapping_used": {
    "coef": -6.000185966491699,
    "intercept": 27.32659149169922,
    "r2": 0.9937222599983215,
    "source": "run_fitted"
  },
  "miss_rate": 0.526,
  "num_found": 474,
  "num_miss": 526,
  "num_realizations": 1000,
  "require_healthy_base": true,
  "status_counts": {
    "found": 474,
    "no_transition_found": 524,
    "unhealthy_at_base": 2
  },
  "target_physical_direction": "decrease"
}