{
  "base_index": 39,
  "base_latent_value": -0.42231979966163635,
  "base_param_strategy": "target_value",
  "base_param_value": 29.936708450317383,
  "found_only_predicted_critical_latent": {
    "max": -0.46231964707374573,
    "mean": -0.9949894468784333,
    "median": -1.0843969786167147,
    "min": -1.322319952249527,
    "std": 0.32595470614324323
  },
  "found_only_predicted_critical_point": {
    "max": 26.51202551758289,
    "mean": 24.221545378422736,
    "median": 23.837092991948126,
    "min": 22.814024205327033,
    "std": 1.4016052364159453
  },
  "latent_scan_direction": -1.0,
  "mapping_used": {
    "coef": 4.3,
    "intercept": 28.5,
    "r2": null,
    "source": "paper_reference"
  },
  "miss_rate": 0.375,
  "num_found": 5,
  "num_miss": 3,
  "num_realizations": 8,
  "require_healthy_base": true,
  "status_counts": {
    "found": 5,
    "no_transition_found": 3,
    "unhealthy_at_base": 0
  },
  "target_physical_direction": "decrease"
}