{
  "base_index": 39,
  "base_latent_value": -0.42231979966163635,
  "base_param_strategy": "target_value",
  "base_param_value": 29.936708450317383,
  "found_only_predicted_critical_latent": {
    "max": -0.4423198759555817,
    "mean": -1.0448198759555818,
    "median": -1.2023198759555818,
    "min": -1.3323198759555819,
    "std": 0.36037307058103
  },
  "found_only_predicted_critical_point": {
    "max": 26.598024533390998,
    "mean": 24.007274533390998,
    "median": 23.330024533390997,
    "min": 22.771024533391,
    "std": 1.5496042034984285
  },
  "latent_scan_direction": -1.0,
  "mapping_used": {
    "coef": 4.3,
    "intercept": 28.5,
    "r2": null,
    "source": "paper_reference"
  },
  "miss_rate": 0.5,
  "num_found": 4,
  "num_miss": 4,
  "num_realizations": 8,
  "require_healthy_base": true,
  "status_counts": {
    "found": 4,
    "no_transition_found": 4,
    "unhealthy_at_base": 0
  },
  "target_physical_direction": "decrease"
}