{
  "base_index": 39,
  "base_latent_value": -0.42231979966163635,
  "base_param_strategy": "target_value",
  "base_param_value": 29.936708450317383,
  "found_only_predicted_critical_latent": {
    "max": -0.46231964707374573,
    "mean": -1.2062111977736156,
    "median": -1.1939938414096833,
    "min": -2.262319952249527,
    "std": 0.5582220576409584
  },
  "found_only_predicted_critical_point": {
    "max": 26.51202551758289,
    "mean": 23.313291849573456,
    "median": 23.365826481938363,
    "min": 18.772024205327035,
    "std": 2.4003548478561205
  },
  "latent_scan_direction": -1.0,
  "mapping_used": {
    "coef": 4.3,
    "intercept": 28.5,
    "r2": null,
    "source": "paper_reference"
  },
  "miss_rate": 0.25,
  "num_found": 6,
  "num_miss": 2,
  "num_realizations": 8,
  "require_healthy_base": true,
  "status_counts": {
    "found": 6,
    "no_transition_found": 2,
    "unhealthy_at_base": 0
  },
  "target_physical_direction": "decrease"
}