{
  "active_latent_channel_ids": [
    2
  ],
  "linear_mapping_coefficients": {
    "coef": [
      -6.000185966491699
    ],
    "intercept": 27.32659149169922,
    "r2": 0.9937222599983215
  },
  "mean_sigma2": [
    0.7617403268814087,
    0.7539423108100891,
    0.018168980255723,
    0.7750242948532104,
    0.7551116347312927
  ],
  "var_mu": [
    0.00021986088540870696,
    0.0005145746399648488,
    0.23583653569221497,
    0.0004333636607043445,
    0.0002230616519227624
  ]
}