{
  "predicted_critical_point": {
    "max": 26.524435044527053,
    "mean": 26.524435044527053,
    "median": 26.524435044527053,
    "min": 26.524435044527053,
    "std": 0.0
  }
}