{
  "base_index": 5,
  "base_latent_value": 0.0834130048751831,
  "base_param_strategy": "target_value",
  "base_param_value": 29.545454025268555,
  "found_only_predicted_critical_latent": {
    "max": -0.07658714771270753,
    "mean": -0.07658714771270753,
    "median": -0.07658714771270753,
    "min": -0.07658714771270753,
    "std": 0.0
  },
  "found_only_predicted_critical_point": {
    "max": 28.170675264835356,
    "mean": 28.170675264835356,
    "median": 28.170675264835356,
    "min": 28.170675264835356,
    "std": 0.0
  },
  "latent_scan_direction": -1.0,
  "mapping_used": {
    "coef": 4.3,
    "intercept": 28.5,
    "r2": null,
    "source": "paper_reference"
  },
  "miss_rate": 0.875,
  "num_found": 1,
  "num_miss": 7,
  "num_realizations": 8,
  "require_healthy_base": true,
  "status_counts": {
    "found": 1,
    "no_transition_found": 7,
    "unhealthy_at_base": 0
  },
  "target_physical_direction": "decrease"
}