{
  "base_index": 39,
  "base_latent_value": -0.42231979966163635,
  "base_param_strategy": "target_value",
  "base_param_value": 29.936708450317383,
  "found_only_predicted_critical_latent": {
    "max": -0.43731991410255433,
    "mean": -1.0323198378086091,
    "median": -1.3073199141025542,
    "min": -1.3523196852207184,
    "std": 0.42112937581209725
  },
  "found_only_predicted_critical_point": {
    "max": 26.619524369359016,
    "mean": 24.061024697422983,
    "median": 22.878524369359017,
    "min": 22.685025353550913,
    "std": 1.8108563159920177
  },
  "latent_scan_direction": -1.0,
  "mapping_used": {
    "coef": 4.3,
    "intercept": 28.5,
    "r2": null,
    "source": "paper_reference"
  },
  "miss_rate": 0.625,
  "num_found": 3,
  "num_miss": 5,
  "num_realizations": 8,
  "require_healthy_base": true,
  "status_counts": {
    "found": 3,
    "no_transition_found": 5,
    "unhealthy_at_base": 0
  },
  "target_physical_direction": "decrease"
}