{
  "active_channel": 0,
  "active_latent_channel_ids": [
    0
  ],
  "linear_mapping_coefficients": {
    "coef": [
      2.6336569786071777
    ],
    "intercept": 29.850658416748047,
    "r2": 0.003875911235809326
  },
  "mean_sigma2": [
    0.5245124697685242,
    0.5221660137176514,
    0.7257081866264343,
    0.5468859076499939,
    0.5854950547218323
  ],
  "physical_from_latent": {
    "active_channel": 0,
    "coef": 2.6336569786071777,
    "intercept": 29.850658416748047,
    "r2": 0.003875911235809326
  },
  "var_mu": [
    0.004741370212286711,
    0.00015835421800147742,
    6.77612770232372e-05,
    0.00013033323921263218,
    0.00024276063777506351
  ]
}