{
  "base_index": 39,
  "base_latent_value": -0.42231979966163635,
  "base_param_strategy": "target_value",
  "base_param_value": 29.936708450317383,
  "found_only_predicted_critical_latent": {
    "max": -0.46231995224952693,
    "mean": -0.9200401830154917,
    "median": -0.962319952249527,
    "min": -1.3252926695346832,
    "std": 0.2467311218661059
  },
  "found_only_predicted_critical_point": {
    "max": 26.512024205327034,
    "mean": 24.543827213033385,
    "median": 24.36202420532703,
    "min": 22.80124152100086,
    "std": 1.0609438240242557
  },
  "latent_scan_direction": -1.0,
  "mapping_used": {
    "coef": 4.3,
    "intercept": 28.5,
    "r2": null,
    "source": "paper_reference"
  },
  "miss_rate": 0.23333333333333334,
  "num_found": 23,
  "num_miss": 7,
  "num_realizations": 30,
  "require_healthy_base": true,
  "status_counts": {
    "found": 23,
    "no_transition_found": 5,
    "unhealthy_at_base": 2
  },
  "target_physical_direction": "decrease"
}