{
  "active_channel": 0,
  "active_latent_channel_ids": [
    0
  ],
  "linear_mapping_coefficients": {
    "coef": [
      -0.5055208206176758
    ],
    "intercept": 30.063512802124023,
    "r2": 4.380941390991211e-05
  },
  "mean_sigma2": [
    0.4383518397808075,
    0.4205656051635742,
    0.5411972999572754,
    0.45452311635017395,
    0.46090376377105713
  ],
  "physical_from_latent": {
    "active_channel": 0,
    "coef": -0.5055208206176758,
    "intercept": 30.063512802124023,
    "r2": 4.380941390991211e-05
  },
  "var_mu": [
    0.0016833675326779485,
    2.0557332391035743e-05,
    5.328655242919922e-05,
    6.988025415921584e-05,
    0.0001558867224957794
  ]
}