{
  "base_index": 39,
  "base_latent_value": -0.42231979966163635,
  "base_param_strategy": "target_value",
  "base_param_value": 29.936708450317383,
  "found_only_predicted_critical_latent": {
    "max": -0.8023196470737457,
    "mean": -1.0953298399448395,
    "median": -1.0843969786167147,
    "min": -1.3252926695346832,
    "std": 0.19318071352636104
  },
  "found_only_predicted_critical_point": {
    "max": 25.050025517582895,
    "mean": 23.79008168823719,
    "median": 23.837092991948126,
    "min": 22.80124152100086,
    "std": 0.8306770681633532
  },
  "latent_scan_direction": -1.0,
  "mapping_used": {
    "coef": 4.3,
    "intercept": 28.5,
    "r2": null,
    "source": "paper_reference"
  },
  "miss_rate": 0.375,
  "num_found": 5,
  "num_miss": 3,
  "num_realizations": 8,
  "require_healthy_base": true,
  "status_counts": {
    "found": 5,
    "no_transition_found": 2,
    "unhealthy_at_base": 1
  },
  "target_physical_direction": "decrease"
}