{
  "base_index": 39,
  "base_latent_value": -0.42231979966163635,
  "base_param_strategy": "target_value",
  "base_param_value": 29.936708450317383,
  "found_only_predicted_critical_latent": {
    "max": -0.6823196470737457,
    "mean": -1.0694626786027635,
    "median": -1.0723199522495273,
    "min": -1.402319952249527,
    "std": 0.22381213686581247
  },
  "found_only_predicted_critical_point": {
    "max": 25.566025517582894,
    "mean": 23.901310482008117,
    "median": 23.889024205327033,
    "min": 22.470024205327036,
    "std": 0.9623921885229932
  },
  "latent_scan_direction": -1.0,
  "mapping_used": {
    "coef": 4.3,
    "intercept": 28.5,
    "r2": null,
    "source": "paper_reference"
  },
  "miss_rate": 0.5333333333333333,
  "num_found": 14,
  "num_miss": 16,
  "num_realizations": 30,
  "require_healthy_base": true,
  "status_counts": {
    "found": 14,
    "no_transition_found": 16,
    "unhealthy_at_base": 0
  },
  "target_physical_direction": "decrease"
}