{
  "base_index": 63,
  "base_latent_value": -1.019705057144165,
  "base_param_strategy": "target_value",
  "base_param_value": 32.97468185424805,
  "found_only_predicted_critical_latent": {
    "max": 1.9663577175140379,
    "mean": 0.9815609911470395,
    "median": 0.9602081203460694,
    "min": -1.003176279067993,
    "std": 0.33935022051425495
  },
  "found_only_predicted_critical_point": {
    "max": 33.34583572328035,
    "mean": 21.43704300736307,
    "median": 21.56516420308736,
    "min": 15.52807950996884,
    "std": 2.0361644308554965
  },
  "latent_scan_direction": 1.0,
  "mapping_used": {
    "coef": -6.000185966491699,
    "intercept": 27.32659149169922,
    "r2": 0.9937222599983215,
    "source": "run_fitted"
  },
  "miss_rate": 0.483,
  "num_found": 517,
  "num_miss": 483,
  "num_realizations": 1000,
  "require_healthy_base": true,
  "status_counts": {
    "found": 517,
    "no_transition_found": 483,
    "unhealthy_at_base": 0
  },
  "target_physical_direction": "decrease"
}