{
  "base_index": 39,
  "base_latent_value": -0.42231979966163635,
  "base_param_strategy": "target_value",
  "base_param_value": 29.936708450317383,
  "found_only_predicted_critical_latent": {
    "max": -0.7623196470737458,
    "mean": -1.3545739805698396,
    "median": -1.303590704202652,
    "min": -2.3023196470737455,
    "std": 0.5151211346218466
  },
  "found_only_predicted_critical_point": {
    "max": 25.222025517582892,
    "mean": 22.67533188354969,
    "median": 22.894559971928597,
    "min": 18.600025517582893,
    "std": 2.215020878873941
  },
  "latent_scan_direction": -1.0,
  "mapping_used": {
    "coef": 4.3,
    "intercept": 28.5,
    "r2": null,
    "source": "paper_reference"
  },
  "miss_rate": 0.375,
  "num_found": 5,
  "num_miss": 3,
  "num_realizations": 8,
  "require_healthy_base": true,
  "status_counts": {
    "found": 5,
    "no_transition_found": 3,
    "unhealthy_at_base": 0
  },
  "target_physical_direction": "decrease"
}