{
  "base_index": 39,
  "base_latent_value": -0.42231979966163635,
  "base_param_strategy": "target_value",
  "base_param_value": 29.936708450317383,
  "found_only_predicted_critical_latent": {
    "max": -0.8023196470737457,
    "mean": -1.2931614744663238,
    "median": -1.1833584654331208,
    "min": -2.282319647073746,
    "std": 0.47622029372200486
  },
  "found_only_predicted_critical_point": {
    "max": 25.050025517582895,
    "mean": 22.93940565979481,
    "median": 23.41155859863758,
    "min": 18.68602551758289,
    "std": 2.0477472630046214
  },
  "latent_scan_direction": -1.0,
  "mapping_used": {
    "coef": 4.3,
    "intercept": 28.5,
    "r2": null,
    "source": "paper_reference"
  },
  "miss_rate": 0.25,
  "num_found": 6,
  "num_miss": 2,
  "num_realizations": 8,
  "require_healthy_base": true,
  "status_counts": {
    "found": 6,
    "no_transition_found": 1,
    "unhealthy_at_base": 1
  },
  "target_physical_direction": "decrease"
}