{
  "base_index": 55,
  "base_latent_value": -0.7811994552612305,
  "base_param_strategy": "target_value",
  "base_param_value": 31.962024688720703,
  "found_only_predicted_critical_latent": {
    "max": 2.083613014221192,
    "mean": 1.001289306160886,
    "median": 1.0049054336547851,
    "min": -0.753522605895996,
    "std": 0.39993951521971693
  },
  "found_only_predicted_critical_point": {
    "max": 31.84786725703063,
    "mean": 21.31866944847446,
    "median": 21.296972011032523,
    "min": 14.824525924169754,
    "std": 2.3997114666668393
  },
  "latent_scan_direction": 1.0,
  "mapping_used": {
    "coef": -6.000185966491699,
    "intercept": 27.32659149169922,
    "r2": 0.9937222599983215,
    "source": "run_fitted"
  },
  "miss_rate": 0.507,
  "num_found": 493,
  "num_miss": 507,
  "num_realizations": 1000,
  "require_healthy_base": true,
  "status_counts": {
    "found": 493,
    "no_transition_found": 505,
    "unhealthy_at_base": 2
  },
  "target_physical_direction": "decrease"
}