{
  "base_index": 4,
  "base_latent_value": 0.0991319864988327,
  "base_param_strategy": "target_value",
  "base_param_value": 28.636363983154297,
  "found_only_predicted_critical_latent": {
    "max": 0.039131833910942077,
    "mean": -0.030868013501167302,
    "median": -0.030868013501167302,
    "min": -0.10086786091327668,
    "std": 0.06999984741210938
  },
  "found_only_predicted_critical_point": {
    "max": 28.66826688581705,
    "mean": 28.367267541944983,
    "median": 28.367267541944983,
    "min": 28.066268198072912,
    "std": 0.3009993438720695
  },
  "latent_scan_direction": -1.0,
  "mapping_used": {
    "coef": 4.3,
    "intercept": 28.5,
    "r2": null,
    "source": "paper_reference"
  },
  "miss_rate": 0.75,
  "num_found": 2,
  "num_miss": 6,
  "num_realizations": 8,
  "require_healthy_base": true,
  "status_counts": {
    "found": 2,
    "no_transition_found": 6,
    "unhealthy_at_base": 0
  },
  "target_physical_direction": "decrease"
}